{
    "naive_bayes": {
        "accuracy": 0.8325,
        "precision": 0.8343610941114235,
        "recall": 0.8362651632468706,
        "f1": 0.8350349348366625,
        "confusion_matrix": [
            [
                207,
                0,
                0
            ],
            [
                0,
                308,
                61
            ],
            [
                7,
                66,
                151
            ]
        ],
        "roc_auc_macro": 0.9478933314849245,
        "cv_scores": [
            0.8712145574768967,
            0.8520248509520977,
            0.8519676622853742,
            0.8616116845114554,
            0.8754530893834377
        ]
    },
    "logistic_regression": {
        "accuracy": 0.87625,
        "precision": 0.8793784191671269,
        "recall": 0.8947807781649245,
        "f1": 0.8831772492162052,
        "confusion_matrix": [
            [
                207,
                0,
                0
            ],
            [
                0,
                297,
                72
            ],
            [
                6,
                21,
                197
            ]
        ],
        "roc_auc_macro": 0.9548876681154892,
        "cv_scores": [
            0.8909657696777554,
            0.8981117083086664,
            0.9053253964444018,
            0.8980091487327458,
            0.9158135730291255
        ]
    },
    "random_forest": {
        "accuracy": 0.98375,
        "precision": 0.9836988356884362,
        "recall": 0.9853327848754677,
        "f1": 0.9844960304890619,
        "confusion_matrix": [
            [
                207,
                0,
                0
            ],
            [
                0,
                361,
                8
            ],
            [
                0,
                5,
                219
            ]
        ],
        "roc_auc_macro": 0.9989019522902569,
        "cv_scores": [
            0.9970143613000756,
            0.9865500754311873,
            0.9910350294428506,
            0.9940491850515528,
            0.9940100127366045
        ]
    }
}